agent_id,age,gender,education,tenure_days,hire_date,department,shift
AGT0001,58,M,Master,959,2022-06-01 17:41:23.459045,Technical,Morning
AGT0002,48,F,Bachelor,1300,2025-05-17 17:41:23.459066,Technical,Evening
AGT0003,34,F,High School,549,2025-11-10 17:41:23.459072,Support,Night
AGT0004,27,M,Bachelor,1194,2021-11-04 17:41:23.459076,Billing,Night
AGT0005,40,M,Bachelor,391,2024-06-16 17:41:23.459079,Billing,Evening
AGT0006,58,M,Bachelor,37,2024-08-17 17:41:23.459081,Support,Night
AGT0007,38,M,High School,507,2024-09-30 17:41:23.459084,Sales,Night
AGT0008,42,F,Bachelor,1405,2025-03-21 17:41:23.459086,Billing,Night
AGT0009,30,M,High School,524,2021-11-14 17:41:23.459088,Billing,Morning
AGT0010,30,M,Bachelor,1659,2025-06-05 17:41:23.459091,Sales,Night
AGT0011,43,M,Bachelor,862,2022-03-17 17:41:23.459093,Billing,Morning
AGT0012,55,F,Bachelor,1480,2021-11-06 17:41:23.459096,Billing,Evening
AGT0013,59,M,High School,1092,2022-12-11 17:41:23.459098,Sales,Night
AGT0014,43,F,Master,622,2025-07-06 17:41:23.459101,Sales,Night
AGT0015,22,M,Bachelor,216,2022-09-09 17:41:23.459103,Technical,Night
AGT0016,41,F,High School,1649,2023-08-20 17:41:23.459105,Support,Evening
AGT0017,21,F,High School,1653,2025-10-27 17:41:23.459107,Support,Morning
AGT0018,43,M,High School,783,2025-10-31 17:41:23.459110,Sales,Morning
AGT0019,49,M,High School,122,2025-06-23 17:41:23.459112,Sales,Night
AGT0020,57,F,Master,115,2024-10-10 17:41:23.459114,Billing,Evening
AGT0021,21,F,Bachelor,1097,2024-09-11 17:41:23.459117,Technical,Evening
AGT0022,40,F,Bachelor,166,2023-03-03 17:41:23.459119,Technical,Evening
AGT0023,52,F,High School,450,2022-08-17 17:41:23.459135,Sales,Evening
AGT0024,31,F,High School,103,2025-11-07 17:41:23.459137,Billing,Evening
AGT0025,41,F,Bachelor,1601,2022-11-08 17:41:23.459140,Billing,Morning
AGT0026,44,M,High School,1666,2024-11-19 17:41:23.459142,Support,Morning
AGT0027,46,F,Bachelor,1565,2021-12-26 17:41:23.459144,Support,Morning
AGT0028,47,M,Master,1209,2022-05-11 17:41:23.459147,Billing,Night
AGT0029,35,F,Bachelor,1308,2022-01-25 17:41:23.459149,Support,Evening
AGT0030,34,M,Bachelor,200,2022-12-11 17:41:23.459151,Sales,Night
AGT0031,22,M,High School,1781,2023-08-25 17:41:23.459153,Billing,Evening
AGT0032,56,M,High School,199,2024-10-06 17:41:23.459155,Support,Morning
AGT0033,26,F,High School,1817,2023-06-26 17:41:23.459157,Technical,Night
AGT0034,40,M,Bachelor,901,2022-09-12 17:41:23.459160,Billing,Morning
AGT0035,28,M,High School,351,2024-06-10 17:41:23.459162,Billing,Evening
AGT0036,58,M,High School,1620,2021-06-18 17:41:23.459178,Technical,Evening
AGT0037,37,F,Bachelor,485,2021-02-15 17:41:23.459180,Sales,Evening
AGT0038,23,Other,High School,973,2025-12-18 17:41:23.459183,Technical,Morning
AGT0039,44,F,High School,1656,2021-09-29 17:41:23.459185,Billing,Evening
AGT0040,33,F,High School,819,2021-06-25 17:41:23.459187,Sales,Morning
AGT0041,28,F,Master,642,2025-02-08 17:41:23.459190,Support,Night
AGT0042,45,F,Bachelor,1208,2022-02-01 17:41:23.459192,Support,Evening
AGT0043,21,M,Bachelor,918,2023-08-19 17:41:23.459194,Support,Evening
AGT0044,39,M,High School,378,2024-02-04 17:41:23.459196,Billing,Evening
AGT0045,47,M,Master,1504,2024-06-10 17:41:23.459198,Technical,Night
AGT0046,26,M,Bachelor,1706,2025-02-16 17:41:23.459201,Sales,Evening
AGT0047,27,M,High School,1226,2024-10-17 17:41:23.459203,Support,Morning
AGT0048,54,F,Bachelor,39,2021-09-20 17:41:23.459205,Sales,Morning
AGT0049,33,M,High School,769,2024-02-11 17:41:23.459207,Billing,Evening
AGT0050,36,F,Bachelor,1318,2025-06-05 17:41:23.459209,Support,Evening
AGT0051,55,F,Bachelor,1491,2025-06-25 17:41:23.459212,Billing,Night
AGT0052,59,M,High School,1813,2023-11-14 17:41:23.459214,Technical,Night
AGT0053,23,F,Master,1300,2025-06-16 17:41:23.459216,Billing,Night
AGT0054,21,F,Bachelor,696,2023-12-27 17:41:23.459219,Billing,Evening
AGT0055,25,M,Bachelor,575,2021-04-01 17:41:23.459221,Technical,Night
AGT0056,23,F,High School,1552,2024-01-27 17:41:23.459223,Sales,Night
AGT0057,48,F,High School,158,2022-08-13 17:41:23.459225,Technical,Morning
AGT0058,37,F,High School,1725,2024-07-08 17:41:23.459227,Technical,Night
AGT0059,45,F,Bachelor,630,2021-06-23 17:41:23.459230,Billing,Morning
AGT0060,53,F,High School,634,2025-10-04 17:41:23.459232,Sales,Morning
AGT0061,29,F,Bachelor,356,2021-11-28 17:41:23.459234,Support,Night
AGT0062,55,M,Bachelor,1806,2023-06-05 17:41:23.459236,Technical,Morning
AGT0063,33,M,High School,1009,2022-12-29 17:41:23.459239,Sales,Evening
AGT0064,50,M,Bachelor,433,2025-04-20 17:41:23.459241,Technical,Evening
AGT0065,34,F,High School,658,2023-11-17 17:41:23.459257,Technical,Night
AGT0066,27,M,Master,1659,2025-07-23 17:41:23.459265,Technical,Evening
AGT0067,33,F,Bachelor,1728,2022-11-27 17:41:23.459268,Technical,Morning
AGT0068,42,F,High School,1664,2024-05-10 17:41:23.459270,Billing,Evening
AGT0069,59,F,High School,1678,2021-05-08 17:41:23.459279,Sales,Night
AGT0070,40,Other,Bachelor,1412,2022-06-23 17:41:23.459281,Sales,Night
AGT0071,35,F,Bachelor,1656,2022-07-14 17:41:23.459284,Sales,Morning
AGT0072,37,F,Bachelor,747,2021-03-03 17:41:23.459286,Technical,Night
AGT0073,43,M,Bachelor,1070,2023-12-22 17:41:23.459302,Billing,Evening
AGT0074,45,F,High School,303,2022-10-06 17:41:23.459304,Technical,Night
AGT0075,44,M,High School,714,2024-12-03 17:41:23.459306,Technical,Morning
AGT0076,48,M,High School,145,2022-01-19 17:41:23.459308,Sales,Night
AGT0077,34,F,Bachelor,890,2025-08-11 17:41:23.459311,Technical,Evening
AGT0078,20,F,Bachelor,722,2025-09-29 17:41:23.459314,Support,Morning
AGT0079,44,M,Bachelor,1144,2022-04-17 17:41:23.459317,Technical,Evening
AGT0080,26,F,High School,1135,2024-09-21 17:41:23.459319,Support,Morning
AGT0081,28,F,Bachelor,353,2021-08-31 17:41:23.459321,Technical,Night
AGT0082,43,F,Bachelor,990,2024-05-18 17:41:23.459323,Billing,Morning
AGT0083,20,F,Bachelor,143,2025-07-21 17:41:23.459325,Billing,Morning
AGT0084,27,F,Bachelor,1822,2021-03-16 17:41:23.459328,Sales,Night
AGT0085,43,Other,High School,1111,2024-09-11 17:41:23.459330,Technical,Evening
AGT0086,30,F,High School,183,2021-02-21 17:41:23.459333,Support,Night
AGT0087,36,F,Bachelor,1457,2025-06-08 17:41:23.459335,Support,Morning
AGT0088,27,Other,Bachelor,1681,2023-11-14 17:41:23.459337,Technical,Night
AGT0089,54,F,High School,1319,2024-06-10 17:41:23.459340,Support,Morning
AGT0090,54,M,Bachelor,344,2023-06-17 17:41:23.459344,Billing,Night
AGT0091,52,M,Bachelor,1768,2022-06-09 17:41:23.459349,Support,Night
AGT0092,24,M,Bachelor,1094,2021-04-28 17:41:23.459354,Sales,Evening
AGT0093,58,M,Bachelor,134,2023-12-15 17:41:23.459358,Billing,Morning
AGT0094,47,F,High School,1246,2025-02-01 17:41:23.459362,Billing,Evening
AGT0095,26,F,Bachelor,1454,2023-12-04 17:41:23.459366,Billing,Morning
AGT0096,28,F,Bachelor,1331,2024-01-04 17:41:23.459369,Technical,Night
AGT0097,27,M,Bachelor,383,2024-10-28 17:41:23.459372,Technical,Morning
AGT0098,31,F,Bachelor,1045,2022-03-30 17:41:23.459376,Billing,Evening
AGT0099,53,F,Bachelor,1802,2024-07-03 17:41:23.459379,Technical,Evening
AGT0100,52,F,High School,762,2022-01-24 17:41:23.459382,Support,Evening
AGT0101,42,F,Bachelor,1633,2022-03-03 17:41:23.459386,Technical,Morning
AGT0102,43,F,Bachelor,738,2022-05-14 17:41:23.459389,Technical,Evening
AGT0103,56,M,Bachelor,1309,2025-08-07 17:41:23.459393,Billing,Evening
AGT0104,54,F,Bachelor,680,2022-08-02 17:41:23.459396,Sales,Evening
AGT0105,59,M,Bachelor,853,2022-06-10 17:41:23.459399,Sales,Night
AGT0106,41,M,Bachelor,976,2025-01-15 17:41:23.459403,Sales,Night
AGT0107,46,F,Bachelor,690,2023-01-03 17:41:23.459406,Support,Morning
AGT0108,54,M,High School,128,2021-11-29 17:41:23.459410,Technical,Morning
AGT0109,20,F,High School,617,2024-08-17 17:41:23.459413,Sales,Evening
AGT0110,54,M,Bachelor,311,2025-01-31 17:41:23.459417,Billing,Night
AGT0111,56,F,Bachelor,432,2023-05-30 17:41:23.459420,Sales,Evening
AGT0112,33,M,High School,1162,2023-11-15 17:41:23.459424,Sales,Evening
AGT0113,22,Other,High School,729,2024-06-27 17:41:23.459427,Technical,Night
AGT0114,20,F,Bachelor,228,2022-05-31 17:41:23.459431,Technical,Night
AGT0115,24,M,High School,1356,2022-02-21 17:41:23.459434,Technical,Night
AGT0116,45,F,High School,356,2022-11-17 17:41:23.459438,Support,Morning
AGT0117,33,Other,High School,183,2024-10-08 17:41:23.459441,Support,Morning
AGT0118,58,F,High School,581,2022-02-28 17:41:23.459445,Sales,Evening
AGT0119,46,M,High School,1698,2024-03-07 17:41:23.459449,Technical,Morning
AGT0120,28,F,High School,434,2021-04-10 17:41:23.459452,Sales,Night
AGT0121,34,F,Bachelor,491,2021-09-10 17:41:23.459455,Billing,Night
AGT0122,34,F,Bachelor,161,2021-08-25 17:41:23.459459,Billing,Morning
AGT0123,45,F,Bachelor,820,2025-09-08 17:41:23.459462,Technical,Evening
AGT0124,32,M,Bachelor,903,2024-09-18 17:41:23.459466,Technical,Evening
AGT0125,51,M,High School,113,2021-05-23 17:41:23.459469,Billing,Morning
AGT0126,58,F,High School,1452,2025-10-27 17:41:23.459472,Technical,Evening
AGT0127,51,M,Bachelor,783,2021-06-27 17:41:23.459476,Support,Evening
AGT0128,23,M,High School,657,2024-03-25 17:41:23.459480,Support,Evening
AGT0129,49,F,Bachelor,1162,2023-10-02 17:41:23.459483,Technical,Night
AGT0130,56,F,Bachelor,250,2024-07-01 17:41:23.459488,Billing,Night
AGT0131,42,F,Bachelor,582,2025-08-18 17:41:23.459491,Sales,Morning
AGT0132,58,F,High School,1421,2024-10-25 17:41:23.459495,Technical,Night
AGT0133,34,F,High School,1200,2022-10-27 17:41:23.459499,Technical,Evening
AGT0134,48,F,Bachelor,141,2021-02-01 17:41:23.459503,Sales,Night
AGT0135,55,F,High School,644,2021-12-22 17:41:23.459507,Technical,Morning
AGT0136,32,M,Bachelor,1611,2024-03-27 17:41:23.459511,Sales,Night
AGT0137,51,M,Bachelor,953,2024-10-22 17:41:23.459515,Billing,Evening
AGT0138,26,F,Master,1547,2022-04-29 17:41:23.459518,Support,Evening
AGT0139,41,F,High School,1558,2023-03-15 17:41:23.459521,Billing,Morning
AGT0140,47,M,Bachelor,504,2023-10-13 17:41:23.459525,Support,Night
AGT0141,21,M,Bachelor,865,2022-05-25 17:41:23.459528,Sales,Night
AGT0142,25,M,High School,300,2023-06-06 17:41:23.459532,Support,Night
AGT0143,47,M,High School,450,2025-03-14 17:41:23.459536,Billing,Evening
AGT0144,47,F,Bachelor,736,2024-07-07 17:41:23.459539,Support,Morning
AGT0145,39,M,High School,1420,2025-03-21 17:41:23.459542,Sales,Night
AGT0146,49,F,High School,1333,2024-08-13 17:41:23.459546,Support,Evening
AGT0147,30,F,High School,1336,2021-10-28 17:41:23.459550,Technical,Evening
AGT0148,47,F,Bachelor,69,2022-11-08 17:41:23.459553,Billing,Evening
AGT0149,44,F,Bachelor,218,2022-12-24 17:41:23.459557,Technical,Night
AGT0150,58,M,Bachelor,1217,2024-07-11 17:41:23.459562,Sales,Night
AGT0151,52,F,High School,1023,2021-10-24 17:41:23.459565,Support,Night
AGT0152,20,M,High School,1589,2022-09-21 17:41:23.459569,Technical,Night
AGT0153,46,M,Bachelor,565,2023-08-07 17:41:23.459572,Technical,Night
AGT0154,32,Other,Bachelor,1057,2022-09-23 17:41:23.459575,Support,Night
AGT0155,22,M,High School,319,2023-10-06 17:41:23.459584,Support,Night
AGT0156,58,M,Bachelor,462,2023-12-21 17:41:23.459588,Billing,Night
AGT0157,25,F,Master,500,2024-10-08 17:41:23.459592,Technical,Night
AGT0158,27,M,Bachelor,1234,2025-03-23 17:41:23.459595,Technical,Evening
AGT0159,46,F,Bachelor,1301,2023-02-22 17:41:23.459600,Sales,Night
AGT0160,28,M,Master,657,2023-03-27 17:41:23.459603,Billing,Morning
AGT0161,56,F,High School,308,2025-06-28 17:41:23.459607,Sales,Evening
AGT0162,52,F,Bachelor,906,2021-10-06 17:41:23.459611,Technical,Night
AGT0163,43,F,Master,610,2025-09-26 17:41:23.459615,Sales,Morning
AGT0164,34,F,High School,892,2021-03-04 17:41:23.459619,Technical,Night
AGT0165,51,M,Bachelor,283,2025-05-21 17:41:23.459623,Technical,Morning
AGT0166,51,Other,Bachelor,210,2025-02-21 17:41:23.459627,Sales,Morning
AGT0167,43,M,Bachelor,710,2022-06-25 17:41:23.459630,Sales,Morning
AGT0168,31,F,Bachelor,854,2025-02-07 17:41:23.459633,Support,Morning
AGT0169,58,M,Master,1562,2021-07-23 17:41:23.459637,Support,Evening
AGT0170,21,F,Bachelor,1814,2022-03-09 17:41:23.459640,Support,Evening
AGT0171,22,M,High School,729,2023-08-20 17:41:23.459643,Technical,Morning
AGT0172,56,F,Bachelor,595,2022-08-28 17:41:23.459646,Sales,Night
AGT0173,36,F,High School,1379,2025-08-23 17:41:23.459650,Billing,Morning
AGT0174,21,Other,High School,1410,2023-11-04 17:41:23.459654,Technical,Evening
AGT0175,21,M,Bachelor,1703,2023-11-11 17:41:23.459658,Billing,Night
AGT0176,47,F,Bachelor,709,2022-08-29 17:41:23.459661,Sales,Evening
AGT0177,42,F,Bachelor,420,2023-05-18 17:41:23.459664,Technical,Evening
AGT0178,56,M,Master,1668,2023-01-13 17:41:23.459668,Billing,Night
AGT0179,51,M,Bachelor,1138,2024-08-04 17:41:23.459671,Billing,Morning
AGT0180,52,M,Bachelor,1370,2022-11-24 17:41:23.459674,Support,Morning
AGT0181,20,F,High School,241,2021-03-05 17:41:23.459677,Support,Morning
AGT0182,38,F,Master,1568,2025-12-08 17:41:23.459681,Support,Morning
AGT0183,21,F,Master,413,2022-03-09 17:41:23.459684,Technical,Night
AGT0184,45,M,Bachelor,1744,2021-12-16 17:41:23.459688,Sales,Night
AGT0185,51,M,High School,371,2025-05-11 17:41:23.459705,Sales,Night
AGT0186,25,M,High School,873,2022-03-06 17:41:23.459708,Support,Evening
AGT0187,51,Other,High School,1091,2022-12-28 17:41:23.459711,Support,Night
AGT0188,23,M,High School,1564,2021-10-16 17:41:23.459715,Support,Morning
AGT0189,30,M,High School,449,2024-07-03 17:41:23.459718,Billing,Evening
AGT0190,36,M,Master,780,2021-09-09 17:41:23.459721,Support,Morning
AGT0191,57,F,Bachelor,1222,2022-05-29 17:41:23.459725,Billing,Morning
AGT0192,43,Other,High School,1396,2024-02-04 17:41:23.459728,Sales,Night
AGT0193,24,F,High School,335,2025-05-17 17:41:23.459745,Technical,Night
AGT0194,53,F,High School,1595,2024-05-09 17:41:23.459749,Technical,Morning
AGT0195,25,F,High School,731,2023-07-25 17:41:23.459753,Technical,Morning
AGT0196,41,M,High School,898,2025-02-11 17:41:23.459757,Technical,Evening
AGT0197,30,Other,High School,566,2023-06-16 17:41:23.459760,Billing,Night
AGT0198,35,F,Bachelor,1165,2025-12-25 17:41:23.459763,Billing,Evening
AGT0199,52,F,Master,1464,2021-12-14 17:41:23.459767,Support,Evening
AGT0200,28,F,High School,235,2021-02-02 17:41:23.459771,Billing,Evening
AGT0201,25,F,Bachelor,1238,2021-12-19 17:41:23.459775,Support,Morning
AGT0202,35,F,Bachelor,1435,2024-07-10 17:41:23.459779,Support,Evening
AGT0203,48,Other,High School,525,2023-03-12 17:41:23.459783,Technical,Evening
AGT0204,22,F,High School,1432,2021-09-23 17:41:23.459786,Billing,Morning
AGT0205,39,F,Bachelor,1100,2024-12-31 17:41:23.459790,Billing,Night
AGT0206,55,F,High School,1793,2023-02-26 17:41:23.459794,Support,Night
AGT0207,38,M,Bachelor,1604,2025-05-28 17:41:23.459797,Support,Evening
AGT0208,45,F,Bachelor,1581,2021-02-13 17:41:23.459801,Sales,Morning
AGT0209,22,M,High School,533,2022-06-30 17:41:23.459805,Sales,Night
AGT0210,38,F,High School,1075,2024-04-29 17:41:23.459808,Support,Evening
AGT0211,39,Other,Bachelor,242,2021-04-13 17:41:23.459812,Sales,Evening
AGT0212,51,F,High School,339,2022-06-02 17:41:23.459816,Sales,Morning
AGT0213,26,F,High School,690,2023-02-26 17:41:23.459819,Support,Evening
AGT0214,52,M,Bachelor,782,2022-08-02 17:41:23.459822,Support,Night
AGT0215,59,M,Bachelor,301,2024-11-19 17:41:23.459825,Billing,Morning
AGT0216,58,F,High School,1624,2025-02-21 17:41:23.459829,Support,Night
AGT0217,37,M,Bachelor,967,2023-11-27 17:41:23.459832,Support,Night
AGT0218,59,M,High School,1255,2021-09-22 17:41:23.459835,Technical,Night
AGT0219,20,M,Bachelor,61,2025-02-04 17:41:23.459838,Billing,Evening
AGT0220,30,F,Bachelor,472,2022-12-23 17:41:23.459842,Billing,Evening
AGT0221,47,F,Bachelor,191,2021-08-20 17:41:23.459845,Billing,Night
AGT0222,44,M,Bachelor,796,2023-01-10 17:41:23.459848,Technical,Night
AGT0223,42,F,Master,283,2025-12-30 17:41:23.459852,Support,Morning
AGT0224,50,F,High School,550,2022-08-23 17:41:23.459855,Billing,Morning
AGT0225,49,F,Bachelor,1006,2024-03-08 17:41:23.459859,Billing,Evening
AGT0226,54,F,High School,1704,2023-04-06 17:41:23.459862,Sales,Evening
AGT0227,26,M,High School,1533,2025-11-22 17:41:23.459865,Billing,Morning
AGT0228,35,F,High School,39,2025-05-16 17:41:23.459868,Support,Night
AGT0229,45,F,Master,755,2023-12-19 17:41:23.459872,Support,Evening
AGT0230,21,F,Master,534,2021-05-03 17:41:23.459875,Sales,Night
AGT0231,20,F,High School,814,2021-06-23 17:41:23.459879,Billing,Morning
AGT0232,31,M,High School,1613,2024-04-11 17:41:23.459895,Billing,Evening
AGT0233,24,M,Bachelor,465,2024-08-28 17:41:23.459899,Billing,Evening
AGT0234,56,F,Bachelor,1164,2025-09-04 17:41:23.459903,Technical,Morning
AGT0235,51,F,High School,182,2024-08-25 17:41:23.459907,Billing,Evening
AGT0236,28,F,Bachelor,1688,2022-10-27 17:41:23.459910,Support,Morning
AGT0237,54,F,Bachelor,946,2025-07-23 17:41:23.459914,Support,Evening
AGT0238,38,F,Master,898,2025-07-09 17:41:23.459917,Technical,Morning
AGT0239,35,F,High School,1155,2021-11-24 17:41:23.459924,Technical,Evening
AGT0240,22,M,Bachelor,782,2023-04-11 17:41:23.459927,Billing,Night
AGT0241,39,F,Bachelor,1244,2021-06-04 17:41:23.459931,Sales,Night
AGT0242,43,M,Bachelor,1782,2025-08-12 17:41:23.459934,Technical,Night
AGT0243,52,F,Bachelor,592,2021-09-26 17:41:23.459937,Technical,Evening
AGT0244,43,Other,Bachelor,1134,2023-01-06 17:41:23.459941,Billing,Evening
AGT0245,30,M,High School,518,2021-09-15 17:41:23.459944,Billing,Night
AGT0246,27,M,Bachelor,924,2025-04-18 17:41:23.459948,Technical,Night
AGT0247,55,M,Bachelor,1141,2025-04-13 17:41:23.459951,Sales,Morning
AGT0248,57,F,High School,1247,2022-04-20 17:41:23.459955,Technical,Morning
AGT0249,59,M,Bachelor,133,2023-05-03 17:41:23.459958,Billing,Morning
AGT0250,39,M,High School,1149,2022-12-02 17:41:23.459961,Billing,Night
AGT0251,54,M,High School,1476,2025-01-27 17:41:23.459965,Technical,Night
AGT0252,44,M,Bachelor,1251,2024-07-07 17:41:23.459969,Sales,Night
AGT0253,54,M,Bachelor,1054,2023-01-16 17:41:23.459972,Technical,Morning
AGT0254,44,F,Bachelor,1036,2021-02-09 17:41:23.459990,Technical,Evening
AGT0255,48,F,High School,436,2022-08-07 17:41:23.459993,Billing,Night
AGT0256,37,M,Bachelor,1431,2023-08-18 17:41:23.459997,Sales,Evening
AGT0257,37,M,High School,196,2024-10-24 17:41:23.460000,Support,Evening
AGT0258,21,M,High School,538,2022-12-23 17:41:23.460004,Sales,Evening
AGT0259,54,M,Master,1691,2021-10-07 17:41:23.460009,Technical,Morning
AGT0260,35,F,Bachelor,342,2021-11-28 17:41:23.460012,Technical,Evening
AGT0261,55,F,Bachelor,1646,2022-02-18 17:41:23.460016,Technical,Night
AGT0262,52,M,High School,1471,2024-11-15 17:41:23.460020,Sales,Morning
AGT0263,23,F,Bachelor,792,2022-01-01 17:41:23.460023,Billing,Night
AGT0264,52,M,Bachelor,710,2024-04-02 17:41:23.460027,Technical,Night
AGT0265,33,F,Bachelor,506,2023-10-06 17:41:23.460031,Technical,Morning
AGT0266,40,F,Bachelor,102,2022-03-27 17:41:23.460034,Sales,Night
AGT0267,39,F,High School,1194,2022-05-11 17:41:23.460038,Support,Night
AGT0268,27,M,High School,611,2023-11-28 17:41:23.460042,Support,Morning
AGT0269,26,F,Bachelor,291,2023-07-18 17:41:23.460045,Billing,Night
AGT0270,22,M,High School,1393,2023-02-06 17:41:23.460050,Billing,Evening
AGT0271,36,M,High School,1361,2023-06-21 17:41:23.460054,Technical,Night
AGT0272,52,M,Master,274,2025-04-28 17:41:23.460058,Sales,Evening
AGT0273,31,M,Bachelor,1568,2024-08-11 17:41:23.460062,Technical,Night
AGT0274,41,Other,Bachelor,1390,2024-09-27 17:41:23.460065,Billing,Morning
AGT0275,41,F,Bachelor,1628,2025-08-22 17:41:23.460071,Sales,Morning
AGT0276,49,M,Bachelor,590,2024-02-08 17:41:23.460074,Sales,Night
AGT0277,57,F,High School,1129,2025-11-18 17:41:23.460078,Billing,Morning
AGT0278,57,Other,High School,204,2022-09-14 17:41:23.460081,Support,Night
AGT0279,27,F,High School,138,2022-11-23 17:41:23.460087,Support,Morning
AGT0280,46,F,High School,212,2024-09-16 17:41:23.460090,Sales,Evening
AGT0281,46,F,Bachelor,221,2022-09-13 17:41:23.460095,Technical,Night
AGT0282,53,Other,High School,94,2024-10-06 17:41:23.460099,Support,Evening
AGT0283,40,F,Bachelor,992,2025-12-17 17:41:23.460103,Technical,Evening
AGT0284,49,M,High School,1527,2025-08-08 17:41:23.460106,Support,Night
AGT0285,52,M,High School,1153,2022-01-12 17:41:23.460110,Support,Evening
AGT0286,47,F,Bachelor,1597,2022-06-18 17:41:23.460113,Technical,Night
AGT0287,52,M,High School,893,2025-09-02 17:41:23.460117,Billing,Evening
AGT0288,24,F,High School,1181,2024-09-19 17:41:23.460120,Support,Night
AGT0289,38,M,High School,1505,2025-08-15 17:41:23.460124,Support,Night
AGT0290,23,M,High School,398,2025-10-28 17:41:23.460127,Technical,Morning
AGT0291,54,M,Bachelor,880,2021-03-07 17:41:23.460131,Billing,Night
AGT0292,36,M,High School,72,2024-02-24 17:41:23.460135,Support,Night
AGT0293,47,Other,High School,1472,2025-08-08 17:41:23.460138,Support,Evening
AGT0294,49,F,Bachelor,517,2023-02-13 17:41:23.460142,Billing,Night
AGT0295,48,F,High School,107,2024-08-31 17:41:23.460145,Support,Morning
AGT0296,25,F,Bachelor,855,2024-06-09 17:41:23.460148,Billing,Evening
AGT0297,54,M,Bachelor,1323,2022-04-01 17:41:23.460152,Billing,Evening
AGT0298,56,F,Bachelor,703,2023-04-12 17:41:23.460155,Technical,Morning
AGT0299,43,F,Bachelor,730,2024-10-19 17:41:23.460158,Sales,Evening
AGT0300,48,F,High School,788,2022-12-23 17:41:23.460162,Billing,Evening
AGT0301,50,M,Bachelor,757,2025-04-05 17:41:23.460165,Technical,Evening
AGT0302,54,F,High School,1368,2021-12-11 17:41:23.460182,Sales,Evening
AGT0303,52,F,Bachelor,954,2022-10-19 17:41:23.460185,Support,Morning
AGT0304,40,Other,High School,931,2022-10-08 17:41:23.460189,Sales,Morning
AGT0305,51,F,Bachelor,918,2023-05-08 17:41:23.460192,Billing,Evening
AGT0306,42,F,Bachelor,1022,2024-08-21 17:41:23.460195,Billing,Evening
AGT0307,52,F,High School,1221,2021-08-08 17:41:23.460199,Billing,Morning
AGT0308,22,F,High School,368,2023-05-08 17:41:23.460202,Billing,Morning
AGT0309,37,M,Bachelor,222,2021-06-22 17:41:23.460205,Billing,Morning
AGT0310,44,F,Bachelor,1506,2023-09-20 17:41:23.460210,Technical,Evening
AGT0311,50,F,High School,312,2024-12-07 17:41:23.460213,Billing,Evening
AGT0312,22,F,Bachelor,1389,2025-06-21 17:41:23.460217,Technical,Night
AGT0313,59,M,Master,419,2025-06-16 17:41:23.460220,Support,Morning
AGT0314,43,M,Bachelor,1029,2022-04-22 17:41:23.460223,Billing,Evening
AGT0315,51,F,High School,554,2023-08-02 17:41:23.460227,Billing,Morning
AGT0316,41,M,Bachelor,1293,2024-01-06 17:41:23.460231,Sales,Evening
AGT0317,42,F,High School,1536,2023-08-17 17:41:23.460235,Support,Morning
AGT0318,21,M,Master,688,2023-09-12 17:41:23.460238,Billing,Evening
AGT0319,46,M,Bachelor,745,2023-05-20 17:41:23.460242,Billing,Night
AGT0320,21,F,High School,1645,2021-02-26 17:41:23.460246,Support,Night
AGT0321,45,F,Bachelor,920,2021-11-29 17:41:23.460250,Technical,Morning
AGT0322,36,M,High School,1608,2025-09-12 17:41:23.460253,Billing,Evening
AGT0323,59,M,Master,1511,2022-03-23 17:41:23.460257,Sales,Evening
AGT0324,52,M,Master,1142,2022-05-03 17:41:23.460278,Billing,Morning
AGT0325,28,F,Bachelor,1713,2022-05-18 17:41:23.460282,Sales,Evening
AGT0326,58,M,High School,1148,2025-06-13 17:41:23.460286,Sales,Morning
AGT0327,48,F,Bachelor,481,2025-08-29 17:41:23.460290,Billing,Evening
AGT0328,45,Other,High School,457,2023-09-29 17:41:23.460294,Billing,Morning
AGT0329,54,M,High School,1204,2021-12-01 17:41:23.460298,Sales,Evening
AGT0330,44,F,Bachelor,1567,2024-02-06 17:41:23.460301,Support,Morning
AGT0331,43,Other,High School,1429,2021-07-06 17:41:23.460304,Support,Evening
AGT0332,32,M,High School,1075,2021-03-03 17:41:23.460309,Billing,Night
AGT0333,26,F,Master,912,2025-05-22 17:41:23.460312,Technical,Evening
AGT0334,55,F,High School,342,2024-08-09 17:41:23.460316,Support,Morning
AGT0335,39,F,High School,869,2024-12-04 17:41:23.460319,Billing,Night
AGT0336,20,F,Master,548,2024-12-07 17:41:23.460323,Support,Evening
AGT0337,27,F,High School,1259,2022-12-29 17:41:23.460327,Technical,Night
AGT0338,35,F,Bachelor,404,2023-06-27 17:41:23.460330,Billing,Evening
AGT0339,33,F,Master,480,2025-03-19 17:41:23.460334,Technical,Night
AGT0340,31,F,Master,1679,2023-08-20 17:41:23.460337,Billing,Morning
AGT0341,42,F,Bachelor,1044,2024-12-21 17:41:23.460340,Technical,Evening
AGT0342,34,F,High School,624,2024-06-09 17:41:23.460344,Support,Evening
AGT0343,47,M,High School,1232,2023-05-29 17:41:23.460348,Support,Morning
AGT0344,53,M,Bachelor,1263,2024-08-07 17:41:23.460351,Technical,Night
AGT0345,21,M,Bachelor,529,2021-02-05 17:41:23.460355,Technical,Morning
AGT0346,51,M,Bachelor,493,2025-07-30 17:41:23.460359,Technical,Morning
AGT0347,42,M,High School,1177,2023-07-08 17:41:23.460362,Billing,Night
AGT0348,41,F,High School,142,2021-06-21 17:41:23.460366,Support,Morning
AGT0349,44,M,High School,1065,2021-03-03 17:41:23.460370,Billing,Evening
AGT0350,41,F,Bachelor,1179,2021-03-14 17:41:23.460374,Support,Evening
AGT0351,41,M,Bachelor,1618,2022-11-30 17:41:23.460378,Sales,Evening
AGT0352,25,F,Master,360,2025-06-14 17:41:23.460382,Billing,Morning
AGT0353,34,Other,Bachelor,1336,2025-09-19 17:41:23.460385,Support,Evening
AGT0354,56,F,High School,169,2022-05-06 17:41:23.460390,Support,Evening
AGT0355,52,F,Bachelor,1454,2022-12-20 17:41:23.460394,Billing,Evening
AGT0356,27,M,Bachelor,931,2021-04-24 17:41:23.460398,Billing,Evening
AGT0357,24,F,Bachelor,1150,2025-12-01 17:41:23.460402,Support,Evening
AGT0358,58,M,Bachelor,546,2025-06-23 17:41:23.460406,Billing,Evening
AGT0359,23,F,Bachelor,598,2021-10-10 17:41:23.460409,Technical,Morning
AGT0360,25,M,Bachelor,875,2021-03-29 17:41:23.460413,Billing,Evening
AGT0361,51,F,High School,1122,2024-09-03 17:41:23.460416,Billing,Evening
AGT0362,49,F,High School,147,2025-01-25 17:41:23.460420,Billing,Night
AGT0363,54,M,Bachelor,917,2023-09-21 17:41:23.460423,Support,Morning
AGT0364,59,M,High School,1112,2023-04-12 17:41:23.460426,Technical,Morning
AGT0365,35,M,High School,1086,2023-04-21 17:41:23.460430,Sales,Morning
AGT0366,32,M,High School,1371,2024-10-20 17:41:23.460433,Sales,Morning
AGT0367,49,F,Bachelor,79,2021-02-25 17:41:23.460436,Technical,Evening
AGT0368,38,M,High School,1542,2023-10-02 17:41:23.460440,Technical,Evening
AGT0369,36,M,Bachelor,48,2025-09-02 17:41:23.460443,Technical,Night
AGT0370,38,M,Master,755,2025-01-28 17:41:23.460447,Support,Night
AGT0371,47,F,High School,226,2023-11-16 17:41:23.460450,Sales,Morning
AGT0372,45,M,High School,1503,2025-12-27 17:41:23.460453,Technical,Night
AGT0373,56,M,High School,588,2023-10-24 17:41:23.460456,Support,Night
AGT0374,45,M,Bachelor,1732,2024-07-06 17:41:23.460474,Sales,Morning
AGT0375,42,M,High School,481,2021-08-09 17:41:23.460477,Billing,Morning
AGT0376,28,F,High School,318,2021-08-07 17:41:23.460481,Support,Night
AGT0377,31,M,High School,1194,2023-06-14 17:41:23.460484,Sales,Evening
AGT0378,20,M,Bachelor,1137,2024-05-26 17:41:23.460488,Support,Night
AGT0379,20,F,Bachelor,1747,2023-08-18 17:41:23.460492,Sales,Night
AGT0380,53,F,Bachelor,420,2022-02-04 17:41:23.460495,Sales,Evening
AGT0381,51,M,Master,1644,2021-11-26 17:41:23.460513,Billing,Evening
AGT0382,44,F,High School,244,2021-08-10 17:41:23.460518,Support,Morning
AGT0383,59,F,Bachelor,1579,2022-11-19 17:41:23.460523,Technical,Morning
AGT0384,20,M,High School,244,2022-04-16 17:41:23.460531,Billing,Night
AGT0385,35,F,Bachelor,1456,2021-12-21 17:41:23.460539,Billing,Evening
AGT0386,58,F,Bachelor,157,2023-04-10 17:41:23.460545,Sales,Morning
AGT0387,24,F,Bachelor,1530,2025-02-17 17:41:23.460550,Technical,Night
AGT0388,41,M,High School,789,2024-12-08 17:41:23.460554,Support,Evening
AGT0389,48,M,High School,433,2024-05-03 17:41:23.460559,Technical,Night
AGT0390,22,F,High School,1082,2024-10-12 17:41:23.460562,Technical,Morning
AGT0391,31,Other,High School,367,2025-09-03 17:41:23.460566,Technical,Morning
AGT0392,45,F,High School,860,2022-10-02 17:41:23.460570,Technical,Evening
AGT0393,35,M,High School,743,2021-11-16 17:41:23.460574,Technical,Night
AGT0394,56,F,High School,390,2022-12-17 17:41:23.460577,Sales,Evening
AGT0395,41,F,Bachelor,598,2025-08-29 17:41:23.460581,Sales,Morning
AGT0396,48,M,Bachelor,1445,2021-10-22 17:41:23.460584,Billing,Morning
AGT0397,33,M,Bachelor,247,2024-03-29 17:41:23.460588,Sales,Night
AGT0398,47,F,High School,1627,2025-09-05 17:41:23.460592,Billing,Night
AGT0399,24,M,Bachelor,1722,2025-09-20 17:41:23.460595,Billing,Night
AGT0400,49,F,High School,231,2022-09-22 17:41:23.460599,Support,Evening
AGT0401,24,M,Master,46,2023-04-30 17:41:23.460602,Technical,Night
AGT0402,31,M,High School,351,2023-03-08 17:41:23.460608,Sales,Night
AGT0403,35,M,Bachelor,547,2021-03-21 17:41:23.460612,Support,Morning
AGT0404,45,F,Master,1623,2023-01-09 17:41:23.460617,Sales,Morning
AGT0405,45,F,Bachelor,1378,2025-02-12 17:41:23.460621,Billing,Night
AGT0406,40,M,Bachelor,1465,2025-09-06 17:41:23.460625,Sales,Night
AGT0407,58,F,Bachelor,1371,2023-02-25 17:41:23.460628,Technical,Morning
AGT0408,55,F,Master,710,2025-07-20 17:41:23.460632,Billing,Night
AGT0409,52,F,Bachelor,1135,2021-03-24 17:41:23.460640,Billing,Evening
AGT0410,49,M,Bachelor,1527,2024-12-16 17:41:23.460643,Support,Evening
AGT0411,56,F,Bachelor,1521,2025-08-13 17:41:23.460647,Technical,Evening
AGT0412,42,F,Bachelor,454,2022-08-31 17:41:23.460650,Billing,Night
AGT0413,29,M,Bachelor,1784,2025-08-14 17:41:23.460654,Technical,Morning
AGT0414,24,M,Bachelor,1742,2022-03-20 17:41:23.460657,Sales,Night
AGT0415,55,F,High School,1257,2021-03-02 17:41:23.460661,Technical,Night
AGT0416,53,Other,High School,1636,2024-09-06 17:41:23.460664,Billing,Morning
AGT0417,50,M,High School,1048,2023-09-27 17:41:23.460667,Support,Morning
AGT0418,29,F,High School,416,2025-04-30 17:41:23.460671,Billing,Morning
AGT0419,38,F,High School,807,2022-10-22 17:41:23.460674,Technical,Evening
AGT0420,51,F,Bachelor,127,2024-08-14 17:41:23.460679,Technical,Night
AGT0421,20,Other,High School,1398,2022-10-03 17:41:23.460682,Billing,Morning
AGT0422,24,F,Bachelor,237,2022-09-01 17:41:23.460686,Technical,Night
AGT0423,23,M,High School,1567,2025-10-11 17:41:23.460689,Sales,Evening
AGT0424,35,M,High School,1689,2022-07-12 17:41:23.460692,Billing,Evening
AGT0425,43,M,Bachelor,615,2025-07-17 17:41:23.460695,Support,Morning
AGT0426,35,F,Bachelor,195,2023-08-26 17:41:23.460699,Billing,Morning
AGT0427,21,F,High School,51,2022-04-25 17:41:23.460702,Sales,Night
AGT0428,47,M,Bachelor,183,2022-09-23 17:41:23.460706,Sales,Morning
AGT0429,51,F,Bachelor,1492,2022-10-31 17:41:23.460709,Sales,Night
AGT0430,46,F,High School,1348,2023-01-26 17:41:23.460713,Sales,Morning
AGT0431,39,F,High School,248,2024-03-24 17:41:23.460717,Sales,Night
AGT0432,43,F,Master,698,2024-07-15 17:41:23.460721,Support,Night
AGT0433,31,F,Bachelor,1548,2024-11-08 17:41:23.460725,Technical,Night
AGT0434,54,M,Bachelor,259,2022-03-31 17:41:23.460728,Sales,Night
AGT0435,52,M,Bachelor,49,2021-12-26 17:41:23.460732,Sales,Evening
AGT0436,52,M,High School,582,2024-03-28 17:41:23.460735,Billing,Night
AGT0437,56,M,Bachelor,979,2024-08-30 17:41:23.460739,Support,Morning
AGT0438,31,F,High School,177,2024-07-06 17:41:23.460742,Support,Evening
AGT0439,22,F,Bachelor,1161,2023-10-13 17:41:23.460746,Technical,Evening
AGT0440,20,M,Bachelor,432,2025-04-07 17:41:23.460750,Support,Night
AGT0441,52,F,Bachelor,625,2022-03-27 17:41:23.460753,Billing,Evening
AGT0442,59,M,High School,1536,2022-05-20 17:41:23.460756,Billing,Night
AGT0443,29,F,High School,396,2024-04-26 17:41:23.460759,Technical,Morning
AGT0444,48,Other,Bachelor,1467,2023-06-09 17:41:23.460763,Billing,Night
AGT0445,32,M,Bachelor,1362,2024-03-24 17:41:23.460766,Sales,Evening
AGT0446,31,F,Bachelor,831,2021-10-14 17:41:23.460769,Sales,Morning
AGT0447,50,M,High School,947,2025-08-05 17:41:23.460773,Billing,Night
AGT0448,21,F,Bachelor,1187,2025-12-12 17:41:23.460776,Technical,Morning
AGT0449,54,F,High School,1772,2023-06-07 17:41:23.460780,Support,Morning
AGT0450,42,M,Master,1336,2022-07-08 17:41:23.460783,Technical,Evening
AGT0451,36,F,High School,102,2022-11-04 17:41:23.460786,Support,Morning
AGT0452,45,M,Bachelor,510,2025-06-10 17:41:23.460790,Billing,Evening
AGT0453,27,M,High School,1405,2025-08-03 17:41:23.460807,Billing,Morning
AGT0454,48,F,Master,589,2022-12-26 17:41:23.460810,Sales,Night
AGT0455,45,M,Bachelor,1379,2024-10-21 17:41:23.460814,Support,Morning
AGT0456,29,F,High School,774,2023-03-01 17:41:23.460817,Technical,Night
AGT0457,45,M,High School,1496,2024-07-06 17:41:23.460821,Billing,Night
AGT0458,53,Other,High School,129,2025-04-04 17:41:23.460825,Technical,Morning
AGT0459,26,M,High School,1112,2024-01-17 17:41:23.460829,Sales,Night
AGT0460,23,F,Master,537,2025-08-13 17:41:23.460833,Support,Morning
AGT0461,30,F,Bachelor,287,2024-08-18 17:41:23.460850,Support,Morning
AGT0462,48,M,Bachelor,442,2023-12-06 17:41:23.460855,Billing,Night
AGT0463,55,Other,Bachelor,1505,2024-05-27 17:41:23.460858,Support,Night
AGT0464,44,F,Bachelor,1118,2025-02-11 17:41:23.460862,Billing,Evening
AGT0465,40,F,High School,624,2023-07-18 17:41:23.460866,Sales,Night
AGT0466,55,F,High School,1207,2021-04-29 17:41:23.460870,Support,Evening
AGT0467,29,Other,Bachelor,295,2022-12-15 17:41:23.460874,Billing,Night
AGT0468,56,F,Master,850,2022-01-21 17:41:23.460878,Technical,Morning
AGT0469,28,F,High School,1132,2024-04-21 17:41:23.460882,Billing,Night
AGT0470,43,F,High School,1368,2022-07-28 17:41:23.460886,Support,Morning
AGT0471,54,M,Bachelor,691,2021-06-23 17:41:23.460890,Sales,Morning
AGT0472,54,M,Master,976,2022-05-02 17:41:23.460894,Support,Morning
AGT0473,55,F,High School,589,2023-01-13 17:41:23.460898,Support,Evening
AGT0474,37,M,Bachelor,946,2025-12-15 17:41:23.460901,Billing,Night
AGT0475,58,F,Bachelor,920,2022-04-04 17:41:23.460905,Technical,Morning
AGT0476,51,M,High School,1301,2021-06-02 17:41:23.460908,Support,Morning
AGT0477,43,M,High School,897,2022-11-22 17:41:23.460915,Technical,Evening
AGT0478,42,F,Bachelor,639,2024-04-27 17:41:23.460921,Billing,Night
AGT0479,51,F,Master,443,2022-04-13 17:41:23.460924,Technical,Night
AGT0480,56,M,High School,54,2025-06-02 17:41:23.460928,Billing,Evening
AGT0481,31,F,Bachelor,313,2025-03-31 17:41:23.460934,Sales,Evening
AGT0482,32,F,Bachelor,1502,2024-07-08 17:41:23.460938,Technical,Night
AGT0483,42,M,Bachelor,910,2025-05-09 17:41:23.460943,Technical,Evening
AGT0484,44,F,Bachelor,330,2025-05-26 17:41:23.460947,Sales,Night
AGT0485,54,M,Bachelor,1121,2021-11-02 17:41:23.460951,Technical,Night
AGT0486,49,M,Bachelor,1060,2022-11-24 17:41:23.460955,Sales,Morning
AGT0487,36,Other,Bachelor,846,2025-02-16 17:41:23.460959,Support,Morning
AGT0488,39,M,Bachelor,1190,2024-06-22 17:41:23.460962,Billing,Night
AGT0489,44,F,Bachelor,1217,2024-06-02 17:41:23.460966,Sales,Night
AGT0490,41,F,Bachelor,112,2022-08-11 17:41:23.460970,Technical,Night
AGT0491,32,M,High School,1703,2024-10-26 17:41:23.460974,Sales,Night
AGT0492,38,F,Bachelor,1473,2021-12-23 17:41:23.460977,Technical,Night
AGT0493,55,Other,Bachelor,1126,2024-01-29 17:41:23.460981,Support,Night
AGT0494,31,M,High School,1290,2024-11-10 17:41:23.460984,Sales,Evening
AGT0495,38,F,Bachelor,75,2022-02-23 17:41:23.460991,Support,Night
AGT0496,31,F,Bachelor,647,2022-06-12 17:41:23.460997,Billing,Evening
AGT0497,28,F,High School,957,2021-03-21 17:41:23.461000,Technical,Evening
AGT0498,26,F,High School,291,2024-07-09 17:41:23.461004,Technical,Night
AGT0499,47,M,High School,205,2023-03-02 17:41:23.461008,Support,Night
AGT0500,33,F,High School,1219,2023-04-06 17:41:23.461012,Billing,Evening
AGT0501,50,F,Bachelor,686,2024-08-04 17:41:23.461015,Sales,Evening
AGT0502,38,F,High School,871,2021-04-04 17:41:23.461019,Sales,Night
AGT0503,35,F,Bachelor,399,2025-09-18 17:41:23.461024,Technical,Night
AGT0504,24,F,Bachelor,83,2025-06-25 17:41:23.461031,Support,Evening
AGT0505,54,F,Bachelor,719,2022-06-11 17:41:23.461038,Support,Evening
AGT0506,31,F,Bachelor,1472,2023-08-17 17:41:23.461044,Sales,Evening
AGT0507,44,F,High School,1809,2021-05-08 17:41:23.461051,Billing,Morning
AGT0508,40,F,Bachelor,1560,2024-06-13 17:41:23.461058,Billing,Evening
AGT0509,55,F,High School,1394,2025-10-02 17:41:23.461066,Sales,Morning
AGT0510,42,F,Bachelor,1180,2025-12-24 17:41:23.461073,Sales,Night
AGT0511,35,M,Master,1462,2024-02-17 17:41:23.461079,Support,Night
AGT0512,58,M,High School,396,2021-09-04 17:41:23.461084,Billing,Evening
AGT0513,58,M,High School,1324,2025-04-08 17:41:23.461089,Sales,Night
AGT0514,33,F,Bachelor,673,2022-06-06 17:41:23.461095,Sales,Night
AGT0515,50,F,Bachelor,1658,2024-07-13 17:41:23.461101,Technical,Night
AGT0516,24,F,Bachelor,408,2025-02-04 17:41:23.461109,Sales,Night
AGT0517,54,F,High School,102,2021-11-04 17:41:23.461115,Sales,Morning
AGT0518,42,F,Bachelor,944,2023-07-11 17:41:23.461121,Billing,Morning
AGT0519,48,M,High School,1301,2022-11-28 17:41:23.461126,Support,Evening
AGT0520,30,F,Bachelor,889,2022-01-16 17:41:23.461130,Billing,Evening
AGT0521,37,F,Master,72,2023-08-09 17:41:23.461133,Support,Evening
AGT0522,31,F,Bachelor,406,2022-11-09 17:41:23.461139,Technical,Night
AGT0523,28,M,Bachelor,1094,2025-12-12 17:41:23.461142,Sales,Night
AGT0524,29,M,High School,199,2025-05-16 17:41:23.461146,Technical,Morning
AGT0525,36,M,Bachelor,241,2025-07-30 17:41:23.461149,Support,Morning
AGT0526,57,M,Bachelor,1546,2022-02-15 17:41:23.461153,Billing,Evening
AGT0527,26,F,High School,1733,2025-03-01 17:41:23.461157,Billing,Morning
AGT0528,32,M,Bachelor,68,2022-12-10 17:41:23.461161,Technical,Morning
AGT0529,59,F,High School,398,2025-10-19 17:41:23.461165,Support,Morning
AGT0530,28,F,Bachelor,786,2021-04-27 17:41:23.461168,Technical,Morning
AGT0531,46,M,Bachelor,180,2023-12-06 17:41:23.461172,Technical,Morning
AGT0532,21,M,Bachelor,1164,2022-09-26 17:41:23.461176,Sales,Evening
AGT0533,24,M,High School,1533,2022-11-26 17:41:23.461179,Technical,Evening
AGT0534,48,M,Bachelor,1489,2025-03-03 17:41:23.461183,Sales,Morning
AGT0535,56,M,Bachelor,1100,2023-08-04 17:41:23.461187,Sales,Evening
AGT0536,57,F,Master,1053,2025-04-14 17:41:23.461190,Billing,Night
AGT0537,38,M,Bachelor,1628,2025-10-07 17:41:23.461194,Sales,Morning
AGT0538,27,Other,High School,766,2024-04-09 17:41:23.461198,Sales,Night
AGT0539,20,M,Bachelor,1419,2023-12-16 17:41:23.461201,Billing,Evening
AGT0540,41,F,Bachelor,98,2021-07-15 17:41:23.461204,Technical,Evening
AGT0541,36,F,Bachelor,328,2021-03-05 17:41:23.461209,Support,Night
AGT0542,26,F,Bachelor,973,2025-10-11 17:41:23.461214,Support,Evening
AGT0543,44,F,Bachelor,831,2023-12-30 17:41:23.461219,Support,Morning
AGT0544,23,F,Bachelor,325,2024-10-27 17:41:23.461225,Technical,Night
AGT0545,55,F,Bachelor,232,2022-03-06 17:41:23.461230,Sales,Morning
AGT0546,25,F,High School,90,2024-08-07 17:41:23.461235,Support,Night
AGT0547,50,F,High School,975,2022-04-06 17:41:23.461243,Technical,Evening
AGT0548,38,M,High School,992,2025-06-04 17:41:23.461249,Sales,Night
AGT0549,58,M,High School,1367,2024-01-07 17:41:23.461254,Billing,Night
AGT0550,46,F,Bachelor,1214,2021-08-17 17:41:23.461274,Support,Morning
AGT0551,29,F,Bachelor,360,2022-11-11 17:41:23.461279,Sales,Evening
AGT0552,45,F,Bachelor,1581,2021-02-04 17:41:23.461284,Support,Morning
AGT0553,38,F,Bachelor,367,2023-09-21 17:41:23.461290,Support,Evening
AGT0554,58,Other,Master,1659,2022-07-09 17:41:23.461295,Support,Morning
AGT0555,22,M,Bachelor,1357,2021-10-19 17:41:23.461300,Sales,Night
AGT0556,32,M,Bachelor,1556,2025-02-18 17:41:23.461305,Technical,Morning
AGT0557,47,M,Bachelor,1703,2024-09-03 17:41:23.461311,Sales,Evening
AGT0558,39,F,Bachelor,1391,2021-02-25 17:41:23.461317,Support,Evening
AGT0559,47,F,High School,1603,2025-02-02 17:41:23.461322,Sales,Night
AGT0560,27,M,High School,668,2021-07-07 17:41:23.461327,Billing,Evening
AGT0561,58,F,Master,304,2021-06-15 17:41:23.461333,Technical,Morning
AGT0562,20,M,Bachelor,1217,2025-01-03 17:41:23.461339,Sales,Night
AGT0563,22,F,High School,1496,2023-09-09 17:41:23.461345,Billing,Evening
AGT0564,32,F,Bachelor,348,2025-11-11 17:41:23.461351,Technical,Evening
AGT0565,47,M,Bachelor,618,2024-12-29 17:41:23.461356,Billing,Morning
AGT0566,44,F,High School,533,2021-11-14 17:41:23.461361,Technical,Morning
AGT0567,52,M,High School,1739,2024-02-20 17:41:23.461366,Sales,Night
AGT0568,57,M,Bachelor,416,2021-08-12 17:41:23.461372,Billing,Evening
AGT0569,25,M,Bachelor,899,2023-09-10 17:41:23.461378,Support,Morning
AGT0570,51,M,High School,862,2021-07-03 17:41:23.461383,Billing,Night
AGT0571,40,M,Bachelor,1044,2022-03-31 17:41:23.461389,Technical,Evening
AGT0572,35,F,Bachelor,632,2021-02-26 17:41:23.461394,Sales,Evening
AGT0573,40,F,Bachelor,1803,2021-11-17 17:41:23.461399,Technical,Night
AGT0574,30,F,High School,720,2021-06-15 17:41:23.461404,Billing,Night
AGT0575,56,M,High School,523,2024-08-10 17:41:23.461408,Billing,Morning
AGT0576,55,F,Bachelor,519,2024-07-03 17:41:23.461411,Support,Evening
AGT0577,54,M,Bachelor,750,2025-02-08 17:41:23.461414,Sales,Evening
AGT0578,38,M,Bachelor,1126,2021-08-02 17:41:23.461418,Sales,Evening
AGT0579,39,F,High School,538,2022-01-25 17:41:23.461426,Billing,Night
AGT0580,37,M,Bachelor,419,2025-05-24 17:41:23.461429,Sales,Morning
AGT0581,33,F,High School,1672,2023-11-09 17:41:23.461433,Support,Evening
AGT0582,34,F,High School,324,2021-02-09 17:41:23.461436,Technical,Night
AGT0583,50,M,High School,1422,2025-10-13 17:41:23.461440,Sales,Evening
AGT0584,20,M,High School,825,2021-03-09 17:41:23.461443,Billing,Morning
AGT0585,22,M,Bachelor,894,2023-05-13 17:41:23.461446,Technical,Evening
AGT0586,35,F,Bachelor,1747,2024-10-02 17:41:23.461449,Technical,Morning
AGT0587,42,M,High School,578,2024-11-18 17:41:23.461453,Support,Morning
AGT0588,30,M,Bachelor,678,2021-06-03 17:41:23.461456,Billing,Evening
AGT0589,31,M,High School,597,2023-06-03 17:41:23.461459,Sales,Evening
AGT0590,29,F,Bachelor,1240,2024-01-15 17:41:23.461463,Billing,Morning
AGT0591,51,M,Master,882,2024-04-15 17:41:23.461466,Technical,Night
AGT0592,35,M,High School,799,2021-05-26 17:41:23.461469,Billing,Morning
AGT0593,27,F,Bachelor,474,2021-07-17 17:41:23.461473,Sales,Evening
AGT0594,57,F,High School,1623,2021-02-11 17:41:23.461478,Sales,Evening
AGT0595,31,M,High School,392,2024-09-21 17:41:23.461482,Support,Night
AGT0596,43,M,High School,152,2024-10-01 17:41:23.461485,Sales,Morning
AGT0597,47,M,Bachelor,1241,2025-11-13 17:41:23.461489,Sales,Morning
AGT0598,27,F,Bachelor,771,2022-04-20 17:41:23.461492,Billing,Morning
AGT0599,47,M,High School,709,2024-12-01 17:41:23.461495,Billing,Evening
AGT0600,55,F,Bachelor,449,2023-10-07 17:41:23.461499,Technical,Morning
AGT0601,45,F,Bachelor,1679,2024-02-28 17:41:23.461502,Support,Night
AGT0602,27,F,Bachelor,1305,2024-06-09 17:41:23.461505,Billing,Evening
AGT0603,47,M,Bachelor,1672,2021-02-25 17:41:23.461508,Sales,Evening
AGT0604,47,F,Bachelor,1602,2025-08-11 17:41:23.461512,Technical,Morning
AGT0605,56,F,High School,1388,2021-08-31 17:41:23.461516,Billing,Night
AGT0606,55,F,High School,121,2024-06-08 17:41:23.461522,Support,Evening
AGT0607,46,M,Master,1583,2024-01-12 17:41:23.461527,Support,Evening
AGT0608,36,Other,High School,92,2022-05-28 17:41:23.461533,Technical,Morning
AGT0609,28,M,Master,1715,2023-02-22 17:41:23.461536,Technical,Morning
AGT0610,52,M,Bachelor,541,2023-10-05 17:41:23.461540,Technical,Night
AGT0611,39,M,High School,1192,2022-03-11 17:41:23.461543,Technical,Morning
AGT0612,32,F,High School,1751,2021-04-09 17:41:23.461546,Technical,Night
AGT0613,47,M,High School,1238,2022-12-29 17:41:23.461550,Sales,Evening
AGT0614,48,M,Master,1258,2024-02-22 17:41:23.461553,Sales,Night
AGT0615,32,M,Bachelor,801,2025-11-05 17:41:23.461557,Billing,Night
AGT0616,54,M,High School,1267,2025-05-09 17:41:23.461560,Support,Night
AGT0617,25,F,High School,285,2024-07-15 17:41:23.461564,Sales,Evening
AGT0618,37,F,High School,164,2024-12-31 17:41:23.461567,Sales,Morning
AGT0619,24,M,Bachelor,1626,2022-09-29 17:41:23.461571,Sales,Evening
AGT0620,44,F,High School,904,2024-07-06 17:41:23.461574,Billing,Morning
AGT0621,21,F,Bachelor,851,2025-10-14 17:41:23.461578,Technical,Night
AGT0622,29,M,High School,117,2025-05-23 17:41:23.461595,Billing,Night
AGT0623,49,M,High School,1017,2022-08-28 17:41:23.461599,Support,Night
AGT0624,24,Other,Bachelor,1260,2023-07-26 17:41:23.461602,Support,Night
AGT0625,52,F,Bachelor,1182,2024-01-24 17:41:23.461605,Support,Night
AGT0626,20,M,Master,852,2021-11-30 17:41:23.461609,Support,Morning
AGT0627,37,F,Bachelor,1056,2021-08-04 17:41:23.461612,Sales,Morning
AGT0628,51,M,High School,1003,2024-03-29 17:41:23.461616,Sales,Night
AGT0629,30,F,Bachelor,963,2023-07-22 17:41:23.461620,Billing,Evening
AGT0630,40,M,High School,1807,2022-08-08 17:41:23.461623,Technical,Evening
AGT0631,45,M,High School,150,2023-02-18 17:41:23.461626,Support,Night
AGT0632,44,M,Master,1438,2025-05-09 17:41:23.461630,Billing,Morning
AGT0633,41,F,Bachelor,1667,2023-11-04 17:41:23.461633,Sales,Evening
AGT0634,46,F,Master,1091,2022-10-08 17:41:23.461637,Sales,Evening
AGT0635,32,M,Bachelor,1394,2024-12-07 17:41:23.461640,Technical,Evening
AGT0636,52,M,Bachelor,1037,2024-07-28 17:41:23.461643,Technical,Night
AGT0637,53,F,High School,954,2025-10-02 17:41:23.461647,Technical,Evening
AGT0638,54,M,High School,674,2022-01-10 17:41:23.461650,Billing,Evening
AGT0639,20,M,Bachelor,743,2023-07-22 17:41:23.461654,Sales,Evening
AGT0640,40,Other,High School,889,2025-12-28 17:41:23.461657,Sales,Evening
AGT0641,25,M,Bachelor,50,2023-02-01 17:41:23.461660,Technical,Morning
AGT0642,47,F,Bachelor,271,2021-06-24 17:41:23.461664,Support,Night
AGT0643,36,Other,High School,484,2022-12-25 17:41:23.461668,Technical,Night
AGT0644,24,M,Bachelor,992,2022-02-24 17:41:23.461671,Billing,Morning
AGT0645,50,M,Bachelor,650,2021-12-19 17:41:23.461674,Technical,Morning
AGT0646,24,M,High School,332,2021-11-03 17:41:23.461678,Technical,Night
AGT0647,57,F,Bachelor,1649,2021-11-13 17:41:23.461682,Billing,Evening
AGT0648,22,F,Bachelor,1648,2022-03-29 17:41:23.461685,Technical,Evening
AGT0649,42,F,High School,832,2024-11-23 17:41:23.461688,Sales,Night
AGT0650,56,M,Bachelor,993,2023-12-17 17:41:23.461691,Support,Evening
AGT0651,56,F,Master,98,2023-08-01 17:41:23.461695,Technical,Morning
AGT0652,29,F,High School,1182,2025-08-10 17:41:23.461698,Billing,Evening
AGT0653,29,F,Bachelor,225,2022-04-11 17:41:23.461701,Support,Evening
AGT0654,38,F,High School,169,2024-02-24 17:41:23.461705,Billing,Evening
AGT0655,36,F,Bachelor,1497,2022-07-04 17:41:23.461708,Support,Night
AGT0656,40,F,Bachelor,312,2024-03-29 17:41:23.461712,Support,Morning
AGT0657,33,F,High School,341,2022-04-13 17:41:23.461715,Technical,Evening
AGT0658,28,M,High School,775,2021-03-31 17:41:23.461718,Sales,Night
AGT0659,20,M,Bachelor,1588,2025-04-20 17:41:23.461722,Technical,Evening
AGT0660,32,F,Bachelor,1718,2021-12-18 17:41:23.461725,Billing,Morning
AGT0661,23,M,Bachelor,306,2024-04-25 17:41:23.461729,Billing,Evening
AGT0662,20,F,High School,90,2023-02-27 17:41:23.461732,Support,Morning
AGT0663,59,Other,Bachelor,1372,2024-04-07 17:41:23.461736,Support,Evening
AGT0664,51,F,Bachelor,81,2022-04-06 17:41:23.461748,Sales,Morning
AGT0665,53,M,Master,182,2023-09-17 17:41:23.461752,Technical,Evening
AGT0666,47,M,High School,1802,2024-03-03 17:41:23.461755,Billing,Morning
AGT0667,50,M,Bachelor,1364,2023-09-29 17:41:23.461758,Support,Evening
AGT0668,27,F,Bachelor,573,2022-02-03 17:41:23.461762,Sales,Evening
AGT0669,58,F,High School,596,2024-05-05 17:41:23.461766,Billing,Night
AGT0670,45,F,Bachelor,1442,2022-11-22 17:41:23.461769,Support,Night
AGT0671,53,M,High School,1601,2025-04-15 17:41:23.461774,Billing,Morning
AGT0672,22,F,Bachelor,651,2024-12-04 17:41:23.461777,Sales,Evening
AGT0673,31,F,Bachelor,1230,2023-08-23 17:41:23.461781,Sales,Morning
AGT0674,20,M,High School,1415,2022-04-10 17:41:23.461787,Billing,Night
AGT0675,24,F,Bachelor,343,2023-11-16 17:41:23.461790,Technical,Morning
AGT0676,49,M,Bachelor,836,2022-03-15 17:41:23.461794,Billing,Morning
AGT0677,49,M,High School,877,2021-10-21 17:41:23.461798,Support,Night
AGT0678,36,F,Master,126,2025-01-09 17:41:23.461801,Technical,Evening
AGT0679,42,M,Master,910,2022-07-20 17:41:23.461805,Support,Morning
AGT0680,34,F,Bachelor,1266,2022-10-23 17:41:23.461808,Billing,Night
AGT0681,56,F,High School,858,2024-04-24 17:41:23.461812,Technical,Evening
AGT0682,40,F,Bachelor,166,2023-09-22 17:41:23.461816,Support,Night
AGT0683,33,M,Bachelor,1059,2022-12-05 17:41:23.461820,Billing,Morning
AGT0684,21,F,High School,1040,2021-04-29 17:41:23.461823,Billing,Evening
AGT0685,30,F,Bachelor,138,2025-12-31 17:41:23.461827,Technical,Evening
AGT0686,58,F,Bachelor,576,2024-04-18 17:41:23.461830,Billing,Night
AGT0687,57,M,Bachelor,1092,2024-05-23 17:41:23.461834,Sales,Night
AGT0688,53,M,Bachelor,691,2024-10-27 17:41:23.461838,Support,Night
AGT0689,57,F,Bachelor,454,2023-08-04 17:41:23.461842,Support,Evening
AGT0690,53,M,Master,659,2021-08-05 17:41:23.461846,Billing,Evening
AGT0691,37,F,High School,290,2022-10-01 17:41:23.461849,Billing,Morning
AGT0692,49,F,Bachelor,1479,2022-08-07 17:41:23.461852,Sales,Evening
AGT0693,34,F,Bachelor,116,2022-05-01 17:41:23.461856,Technical,Morning
AGT0694,46,F,Bachelor,494,2024-03-12 17:41:23.461859,Billing,Night
AGT0695,53,Other,Bachelor,105,2023-05-24 17:41:23.461863,Billing,Night
AGT0696,57,F,Bachelor,500,2023-07-11 17:41:23.461866,Billing,Evening
AGT0697,52,F,Bachelor,443,2023-07-10 17:41:23.461869,Billing,Night
AGT0698,43,F,Bachelor,854,2022-03-19 17:41:23.461873,Support,Night
AGT0699,34,M,Bachelor,924,2024-10-20 17:41:23.461876,Billing,Evening
AGT0700,49,M,Master,755,2023-02-19 17:41:23.461879,Support,Morning
AGT0701,36,F,High School,486,2023-05-07 17:41:23.461883,Billing,Evening
AGT0702,24,M,High School,1338,2021-07-20 17:41:23.461887,Technical,Morning
AGT0703,48,F,Bachelor,1292,2021-07-15 17:41:23.461890,Sales,Evening
AGT0704,23,M,High School,1730,2021-11-15 17:41:23.461894,Technical,Evening
AGT0705,29,F,High School,1652,2025-01-18 17:41:23.461897,Billing,Night
AGT0706,36,F,High School,682,2022-04-22 17:41:23.461901,Billing,Evening
AGT0707,29,F,High School,701,2025-07-11 17:41:23.461905,Billing,Evening
AGT0708,36,F,High School,1611,2024-05-29 17:41:23.461908,Technical,Morning
AGT0709,39,F,Master,1425,2023-02-10 17:41:23.461912,Billing,Night
AGT0710,43,M,High School,524,2022-04-12 17:41:23.461916,Technical,Morning
AGT0711,24,F,Bachelor,1677,2022-06-14 17:41:23.461920,Support,Morning
AGT0712,53,M,Bachelor,1098,2022-07-12 17:41:23.461923,Sales,Night
AGT0713,25,Other,Master,1454,2024-02-14 17:41:23.461927,Sales,Night
AGT0714,21,F,High School,1300,2025-06-23 17:41:23.461930,Technical,Night
AGT0715,32,M,Bachelor,1669,2021-05-30 17:41:23.461934,Support,Evening
AGT0716,30,M,Bachelor,626,2021-10-15 17:41:23.461937,Technical,Night
AGT0717,42,F,Bachelor,479,2024-09-06 17:41:23.461941,Support,Night
AGT0718,35,M,Bachelor,514,2022-03-25 17:41:23.461944,Billing,Night
AGT0719,50,M,Bachelor,675,2024-04-05 17:41:23.461947,Support,Morning
AGT0720,30,F,High School,649,2024-09-27 17:41:23.461951,Support,Morning
AGT0721,35,F,Bachelor,1071,2021-06-24 17:41:23.461954,Support,Evening
AGT0722,27,F,Bachelor,1659,2024-11-19 17:41:23.461957,Sales,Morning
AGT0723,23,F,Bachelor,691,2025-03-05 17:41:23.461961,Support,Evening
AGT0724,59,F,Master,787,2025-11-11 17:41:23.461964,Billing,Morning
AGT0725,23,F,High School,318,2025-09-28 17:41:23.461967,Billing,Night
AGT0726,44,M,Master,1467,2024-08-17 17:41:23.461971,Billing,Morning
AGT0727,22,F,High School,750,2023-05-03 17:41:23.461974,Support,Evening
AGT0728,51,M,High School,667,2022-07-29 17:41:23.461978,Technical,Morning
AGT0729,22,Other,High School,264,2021-03-27 17:41:23.461981,Technical,Night
AGT0730,46,F,High School,445,2021-09-10 17:41:23.461984,Billing,Evening
AGT0731,48,F,Bachelor,967,2025-08-04 17:41:23.461988,Sales,Night
AGT0732,51,M,High School,528,2023-06-13 17:41:23.462005,Technical,Night
AGT0733,38,F,High School,1003,2023-09-05 17:41:23.462008,Support,Evening
AGT0734,40,F,Master,663,2022-06-21 17:41:23.462011,Technical,Night
AGT0735,24,M,Bachelor,1703,2022-10-10 17:41:23.462015,Billing,Night
AGT0736,37,M,Bachelor,1049,2024-11-28 17:41:23.462018,Sales,Morning
AGT0737,47,F,Bachelor,144,2021-12-21 17:41:23.462021,Technical,Night
AGT0738,41,M,Bachelor,961,2022-02-04 17:41:23.462026,Technical,Night
AGT0739,40,F,High School,703,2023-11-06 17:41:23.462042,Billing,Night
AGT0740,25,M,High School,1766,2023-03-25 17:41:23.462046,Sales,Night
AGT0741,20,M,Bachelor,1287,2023-10-05 17:41:23.462050,Sales,Evening
AGT0742,24,F,High School,1593,2024-08-19 17:41:23.462054,Billing,Morning
AGT0743,31,M,Bachelor,1064,2025-03-04 17:41:23.462058,Support,Night
AGT0744,45,F,High School,235,2022-04-28 17:41:23.462061,Technical,Night
AGT0745,53,M,High School,1732,2022-02-22 17:41:23.462065,Support,Evening
AGT0746,33,M,Bachelor,276,2025-12-20 17:41:23.462069,Technical,Night
AGT0747,45,F,Bachelor,1612,2021-10-16 17:41:23.462073,Technical,Evening
AGT0748,46,F,Bachelor,787,2021-03-05 17:41:23.462078,Support,Morning
AGT0749,28,F,Bachelor,1180,2021-09-06 17:41:23.462084,Billing,Morning
AGT0750,45,F,High School,176,2025-05-27 17:41:23.462088,Billing,Night
AGT0751,41,F,High School,147,2021-08-20 17:41:23.462092,Technical,Night
AGT0752,49,M,Bachelor,1435,2023-08-14 17:41:23.462096,Billing,Night
AGT0753,36,M,Bachelor,441,2024-10-09 17:41:23.462099,Technical,Evening
AGT0754,45,F,High School,1717,2025-01-05 17:41:23.462103,Billing,Night
AGT0755,55,F,Bachelor,1637,2021-06-29 17:41:23.462107,Technical,Night
AGT0756,20,F,High School,392,2022-02-05 17:41:23.462110,Billing,Morning
AGT0757,27,M,Bachelor,1562,2023-02-05 17:41:23.462114,Sales,Night
AGT0758,54,M,High School,166,2023-05-25 17:41:23.462117,Support,Morning
AGT0759,34,F,Bachelor,1228,2025-09-20 17:41:23.462121,Sales,Night
AGT0760,41,F,Bachelor,1342,2022-11-16 17:41:23.462124,Support,Morning
AGT0761,33,F,High School,987,2024-08-08 17:41:23.462128,Support,Night
AGT0762,45,F,Bachelor,1534,2021-03-30 17:41:23.462133,Technical,Morning
AGT0763,47,F,Bachelor,48,2025-04-27 17:41:23.462137,Support,Evening
AGT0764,42,M,High School,224,2023-06-11 17:41:23.462140,Sales,Morning
AGT0765,33,M,High School,359,2025-04-02 17:41:23.462144,Sales,Morning
AGT0766,43,M,High School,204,2021-07-04 17:41:23.462147,Billing,Morning
AGT0767,21,M,High School,1031,2023-05-25 17:41:23.462150,Sales,Night
AGT0768,45,F,Bachelor,478,2022-04-04 17:41:23.462153,Billing,Night
AGT0769,33,F,Bachelor,975,2023-01-09 17:41:23.462157,Support,Night
AGT0770,26,F,Bachelor,1407,2022-11-13 17:41:23.462160,Sales,Evening
AGT0771,22,M,High School,1552,2022-08-30 17:41:23.462164,Support,Evening
AGT0772,42,M,High School,170,2024-03-22 17:41:23.462167,Sales,Morning
AGT0773,37,M,High School,787,2021-10-07 17:41:23.462184,Sales,Evening
AGT0774,57,M,Bachelor,959,2023-07-09 17:41:23.462188,Billing,Morning
AGT0775,54,F,Bachelor,122,2022-07-26 17:41:23.462192,Support,Morning
AGT0776,34,M,High School,268,2021-06-06 17:41:23.462195,Sales,Morning
AGT0777,44,F,Bachelor,234,2021-12-19 17:41:23.462198,Technical,Evening
AGT0778,56,M,Bachelor,589,2023-03-04 17:41:23.462202,Support,Night
AGT0779,47,M,Bachelor,1486,2023-08-11 17:41:23.462205,Support,Evening
AGT0780,29,M,Bachelor,274,2021-05-05 17:41:23.462222,Support,Morning
AGT0781,58,F,Bachelor,861,2022-12-05 17:41:23.462226,Billing,Morning
AGT0782,36,F,Bachelor,1370,2023-07-02 17:41:23.462229,Technical,Evening
AGT0783,58,M,Bachelor,954,2025-02-09 17:41:23.462233,Support,Morning
AGT0784,41,M,Bachelor,324,2021-10-30 17:41:23.462236,Sales,Morning
AGT0785,45,F,High School,669,2021-03-03 17:41:23.462239,Sales,Evening
AGT0786,44,M,High School,885,2023-05-04 17:41:23.462243,Billing,Evening
AGT0787,36,M,High School,1335,2023-06-24 17:41:23.462246,Sales,Evening
AGT0788,32,F,Bachelor,46,2024-07-19 17:41:23.462249,Support,Morning
AGT0789,39,F,High School,100,2021-10-14 17:41:23.462253,Sales,Morning
AGT0790,44,M,Master,1322,2024-08-12 17:41:23.462256,Support,Night
AGT0791,23,F,Bachelor,1378,2021-04-16 17:41:23.462259,Sales,Night
AGT0792,29,F,Bachelor,334,2022-06-05 17:41:23.462262,Technical,Evening
AGT0793,22,M,High School,1504,2024-06-12 17:41:23.462266,Billing,Night
AGT0794,37,F,Bachelor,1060,2021-09-15 17:41:23.462269,Billing,Morning
AGT0795,55,F,Bachelor,1367,2021-08-22 17:41:23.462272,Technical,Night
AGT0796,41,M,Bachelor,846,2023-01-29 17:41:23.462276,Technical,Morning
AGT0797,53,M,High School,1156,2023-04-14 17:41:23.462279,Billing,Evening
AGT0798,27,M,Bachelor,850,2022-06-27 17:41:23.462283,Technical,Evening
AGT0799,59,F,High School,222,2024-08-29 17:41:23.462286,Support,Morning
AGT0800,38,M,High School,1806,2024-06-17 17:41:23.462303,Sales,Night
AGT0801,56,F,Bachelor,1627,2023-07-15 17:41:23.462307,Billing,Evening
AGT0802,25,F,Bachelor,558,2025-07-26 17:41:23.462310,Technical,Evening
AGT0803,45,M,Bachelor,200,2021-12-31 17:41:23.462314,Support,Night
AGT0804,53,F,Bachelor,1590,2024-05-25 17:41:23.462318,Billing,Night
AGT0805,25,M,Bachelor,280,2024-09-07 17:41:23.462321,Technical,Morning
AGT0806,56,F,Bachelor,1818,2024-06-23 17:41:23.462324,Billing,Night
AGT0807,52,F,High School,1440,2024-02-13 17:41:23.462341,Technical,Night
AGT0808,41,M,Master,1260,2024-03-17 17:41:23.462345,Billing,Night
AGT0809,40,F,High School,570,2022-12-21 17:41:23.462348,Support,Morning
AGT0810,25,M,Master,1682,2025-07-19 17:41:23.462352,Support,Morning
AGT0811,25,M,Bachelor,445,2025-03-23 17:41:23.462355,Sales,Evening
AGT0812,23,M,High School,823,2025-02-26 17:41:23.462358,Billing,Morning
AGT0813,49,M,Bachelor,1433,2024-09-14 17:41:23.462362,Sales,Evening
AGT0814,30,Other,Bachelor,1197,2023-11-08 17:41:23.462365,Billing,Night
AGT0815,49,M,Bachelor,54,2022-02-09 17:41:23.462368,Technical,Evening
AGT0816,50,M,Master,697,2025-02-22 17:41:23.462372,Technical,Evening
AGT0817,43,F,Master,1126,2022-01-15 17:41:23.462375,Sales,Night
AGT0818,28,M,Bachelor,661,2024-10-19 17:41:23.462378,Billing,Evening
AGT0819,22,Other,High School,1146,2025-08-22 17:41:23.462382,Sales,Morning
AGT0820,50,F,Master,534,2023-09-04 17:41:23.462385,Support,Morning
AGT0821,59,F,Bachelor,1651,2023-09-19 17:41:23.462389,Sales,Morning
AGT0822,56,M,High School,365,2024-02-23 17:41:23.462393,Sales,Morning
AGT0823,55,M,High School,454,2022-12-16 17:41:23.462398,Technical,Evening
AGT0824,43,M,Bachelor,528,2023-05-22 17:41:23.462402,Sales,Evening
AGT0825,50,F,Master,1417,2023-09-02 17:41:23.462406,Billing,Night
AGT0826,25,M,Bachelor,976,2025-08-26 17:41:23.462410,Technical,Evening
AGT0827,21,M,Bachelor,659,2024-11-03 17:41:23.462413,Sales,Evening
AGT0828,39,Other,High School,1798,2021-05-01 17:41:23.462417,Support,Evening
AGT0829,47,F,High School,1252,2023-08-24 17:41:23.462421,Sales,Night
AGT0830,30,M,Bachelor,747,2023-10-26 17:41:23.462424,Sales,Morning
AGT0831,23,M,High School,1466,2021-09-07 17:41:23.462427,Sales,Evening
AGT0832,34,Other,High School,368,2022-09-22 17:41:23.462432,Technical,Night
AGT0833,25,M,High School,688,2022-02-06 17:41:23.462436,Billing,Night
AGT0834,49,F,Bachelor,991,2025-11-21 17:41:23.462440,Support,Night
AGT0835,57,F,Master,458,2021-03-13 17:41:23.462457,Sales,Morning
AGT0836,21,M,High School,928,2021-09-16 17:41:23.462462,Billing,Evening
AGT0837,34,F,Bachelor,168,2022-10-09 17:41:23.462466,Billing,Night
AGT0838,30,M,Bachelor,1746,2023-11-13 17:41:23.462470,Technical,Morning
AGT0839,27,M,Master,971,2023-04-30 17:41:23.462473,Support,Night
AGT0840,45,F,High School,571,2025-12-19 17:41:23.462477,Technical,Night
AGT0841,24,F,Bachelor,86,2024-01-11 17:41:23.462480,Billing,Night
AGT0842,25,F,High School,1285,2024-04-29 17:41:23.462484,Billing,Night
AGT0843,45,F,Bachelor,687,2021-10-10 17:41:23.462488,Billing,Night
AGT0844,23,M,Bachelor,464,2023-10-25 17:41:23.462491,Technical,Morning
AGT0845,38,M,High School,413,2021-03-20 17:41:23.462495,Support,Evening
AGT0846,39,M,Bachelor,589,2021-04-25 17:41:23.462498,Sales,Evening
AGT0847,52,M,Bachelor,223,2023-08-26 17:41:23.462502,Technical,Evening
AGT0848,39,M,High School,1789,2022-12-25 17:41:23.462506,Billing,Evening
AGT0849,31,M,Bachelor,1701,2021-10-23 17:41:23.462509,Technical,Morning
AGT0850,20,M,High School,563,2021-11-18 17:41:23.462513,Billing,Morning
AGT0851,45,M,Bachelor,547,2022-12-09 17:41:23.462516,Sales,Morning
AGT0852,33,F,Bachelor,745,2021-07-07 17:41:23.462520,Sales,Night
AGT0853,57,F,Bachelor,780,2022-08-14 17:41:23.462523,Support,Night
AGT0854,56,M,High School,214,2024-10-06 17:41:23.462527,Billing,Night
AGT0855,30,F,Bachelor,321,2023-04-07 17:41:23.462531,Support,Evening
AGT0856,55,F,Bachelor,1388,2024-10-08 17:41:23.462535,Support,Night
AGT0857,32,M,Bachelor,761,2024-06-21 17:41:23.462539,Sales,Evening
AGT0858,22,F,Bachelor,145,2023-07-23 17:41:23.462542,Technical,Night
AGT0859,52,F,Bachelor,854,2023-04-12 17:41:23.462547,Technical,Evening
AGT0860,25,F,High School,1102,2025-11-02 17:41:23.462550,Support,Night
AGT0861,29,M,High School,714,2023-10-27 17:41:23.462554,Sales,Night
AGT0862,24,F,Master,111,2024-02-12 17:41:23.462560,Billing,Morning
AGT0863,42,M,High School,863,2022-04-02 17:41:23.462564,Technical,Night
AGT0864,29,F,Bachelor,362,2022-03-12 17:41:23.462568,Support,Night
AGT0865,21,F,Master,586,2021-07-11 17:41:23.462572,Technical,Morning
AGT0866,32,F,High School,364,2023-09-25 17:41:23.462576,Technical,Evening
AGT0867,59,F,Bachelor,561,2021-12-09 17:41:23.462580,Billing,Morning
AGT0868,21,F,Bachelor,250,2025-01-27 17:41:23.462583,Sales,Morning
AGT0869,39,M,Bachelor,664,2021-04-15 17:41:23.462587,Billing,Evening
AGT0870,20,M,High School,1799,2023-05-19 17:41:23.462591,Sales,Night
AGT0871,56,F,High School,1786,2025-04-14 17:41:23.462595,Technical,Evening
AGT0872,28,M,Bachelor,352,2022-07-06 17:41:23.462598,Support,Night
AGT0873,36,M,Bachelor,32,2023-01-03 17:41:23.462603,Billing,Night
AGT0874,28,M,Bachelor,1747,2025-11-06 17:41:23.462606,Sales,Evening
AGT0875,30,M,Bachelor,235,2023-10-17 17:41:23.462609,Technical,Morning
AGT0876,34,Other,High School,69,2022-09-06 17:41:23.462613,Sales,Evening
AGT0877,43,F,Bachelor,88,2022-11-02 17:41:23.462616,Sales,Night
AGT0878,57,F,High School,980,2022-04-14 17:41:23.462619,Sales,Evening
AGT0879,54,F,Master,603,2025-11-06 17:41:23.462623,Technical,Evening
AGT0880,49,F,Bachelor,673,2025-07-13 17:41:23.462626,Support,Night
AGT0881,50,M,Bachelor,1560,2022-05-25 17:41:23.462629,Support,Morning
AGT0882,24,F,Master,1625,2023-08-07 17:41:23.462633,Support,Evening
AGT0883,33,M,High School,872,2025-03-29 17:41:23.462636,Sales,Night
AGT0884,30,F,Bachelor,1175,2021-02-20 17:41:23.462639,Technical,Night
AGT0885,28,F,High School,1532,2023-05-31 17:41:23.462643,Sales,Evening
AGT0886,53,M,Master,648,2024-12-24 17:41:23.462646,Support,Morning
AGT0887,31,Other,High School,125,2025-09-20 17:41:23.462650,Support,Evening
AGT0888,54,F,Bachelor,1467,2024-07-17 17:41:23.462653,Technical,Morning
AGT0889,54,F,Bachelor,1288,2023-11-16 17:41:23.462657,Sales,Morning
AGT0890,20,M,High School,927,2024-03-01 17:41:23.462660,Billing,Morning
AGT0891,59,F,High School,1115,2024-10-24 17:41:23.462663,Billing,Morning
AGT0892,41,F,Bachelor,1309,2023-06-14 17:41:23.462666,Support,Evening
AGT0893,48,M,Bachelor,590,2024-03-02 17:41:23.462670,Technical,Night
AGT0894,27,M,High School,934,2024-02-09 17:41:23.462687,Sales,Night
AGT0895,30,F,High School,377,2021-09-25 17:41:23.462690,Sales,Night
AGT0896,56,M,High School,700,2023-11-16 17:41:23.462693,Support,Night
AGT0897,33,F,Bachelor,1177,2024-06-10 17:41:23.462697,Support,Night
AGT0898,49,F,Bachelor,1535,2021-10-13 17:41:23.462700,Sales,Night
AGT0899,54,F,High School,346,2021-05-03 17:41:23.462704,Sales,Evening
AGT0900,40,M,High School,1557,2023-08-21 17:41:23.462707,Support,Morning
AGT0901,56,F,High School,748,2024-08-02 17:41:23.462710,Sales,Night
AGT0902,24,M,High School,1101,2021-04-27 17:41:23.462714,Billing,Evening
AGT0903,38,M,Bachelor,1462,2025-07-17 17:41:23.462717,Support,Night
AGT0904,33,F,High School,1189,2023-05-13 17:41:23.462720,Sales,Night
AGT0905,45,M,High School,1254,2025-11-22 17:41:23.462724,Support,Morning
AGT0906,23,M,Bachelor,279,2021-10-19 17:41:23.462727,Technical,Morning
AGT0907,44,F,High School,343,2022-12-23 17:41:23.462731,Support,Morning
AGT0908,44,M,Bachelor,1421,2025-09-16 17:41:23.462734,Support,Night
AGT0909,37,M,Bachelor,1482,2024-01-15 17:41:23.462737,Technical,Night
AGT0910,59,F,Bachelor,836,2024-09-28 17:41:23.462741,Billing,Night
AGT0911,27,F,Bachelor,1533,2022-05-10 17:41:23.462744,Sales,Morning
AGT0912,58,F,Bachelor,1367,2025-08-13 17:41:23.462747,Technical,Evening
AGT0913,59,M,Bachelor,1553,2021-08-15 17:41:23.462751,Support,Night
AGT0914,33,M,Bachelor,1774,2022-05-07 17:41:23.462754,Sales,Night
AGT0915,51,M,Bachelor,1408,2025-10-10 17:41:23.462758,Technical,Night
AGT0916,57,M,Bachelor,514,2021-10-09 17:41:23.462761,Sales,Evening
AGT0917,52,F,Bachelor,1264,2025-10-29 17:41:23.462764,Sales,Night
AGT0918,42,M,High School,1757,2024-08-12 17:41:23.462768,Technical,Evening
AGT0919,34,M,High School,73,2024-11-18 17:41:23.462774,Sales,Night
AGT0920,52,F,High School,1594,2021-04-18 17:41:23.462778,Billing,Evening
AGT0921,44,F,Bachelor,600,2025-11-20 17:41:23.462781,Technical,Night
AGT0922,36,F,Bachelor,612,2022-07-08 17:41:23.462785,Billing,Morning
AGT0923,52,M,Master,1145,2025-02-22 17:41:23.462788,Support,Morning
AGT0924,21,M,Bachelor,1318,2024-08-30 17:41:23.462791,Sales,Morning
AGT0925,33,M,Bachelor,924,2025-04-17 17:41:23.462795,Support,Morning
AGT0926,59,M,High School,249,2023-05-07 17:41:23.462798,Support,Night
AGT0927,59,F,Bachelor,954,2022-03-31 17:41:23.462801,Sales,Morning
AGT0928,58,F,Bachelor,1495,2025-05-11 17:41:23.462805,Technical,Evening
AGT0929,25,F,Master,430,2022-11-02 17:41:23.462809,Sales,Morning
AGT0930,25,F,High School,1453,2024-10-11 17:41:23.462813,Support,Morning
AGT0931,22,M,Bachelor,756,2023-05-24 17:41:23.462817,Support,Morning
AGT0932,26,F,Bachelor,1020,2022-01-29 17:41:23.462821,Technical,Night
AGT0933,27,M,Bachelor,928,2024-07-25 17:41:23.462824,Sales,Morning
AGT0934,34,F,Bachelor,1629,2021-09-13 17:41:23.462827,Support,Evening
AGT0935,48,F,Bachelor,887,2023-12-07 17:41:23.462831,Billing,Morning
AGT0936,52,M,High School,833,2025-01-22 17:41:23.462848,Support,Morning
AGT0937,49,M,Bachelor,519,2022-08-09 17:41:23.462852,Support,Morning
AGT0938,58,Other,Bachelor,1538,2022-08-06 17:41:23.462855,Technical,Evening
AGT0939,46,M,Bachelor,1810,2021-10-22 17:41:23.462859,Billing,Morning
AGT0940,55,M,Bachelor,1523,2021-12-21 17:41:23.462863,Support,Evening
AGT0941,48,M,High School,1627,2025-05-11 17:41:23.462867,Support,Evening
AGT0942,57,F,High School,967,2021-08-22 17:41:23.462870,Billing,Morning
AGT0943,52,F,Master,873,2021-05-29 17:41:23.462874,Sales,Evening
AGT0944,56,F,Bachelor,1735,2025-01-30 17:41:23.462877,Sales,Night
AGT0945,46,M,Master,1498,2024-04-03 17:41:23.462881,Support,Morning
AGT0946,52,F,High School,1322,2025-05-24 17:41:23.462884,Support,Morning
AGT0947,23,M,Bachelor,296,2022-10-03 17:41:23.462888,Sales,Evening
AGT0948,41,F,Bachelor,83,2025-11-09 17:41:23.462892,Technical,Evening
AGT0949,21,F,Master,557,2024-04-02 17:41:23.462895,Billing,Morning
AGT0950,29,M,High School,1573,2022-10-09 17:41:23.462899,Billing,Night
AGT0951,24,M,Bachelor,645,2022-03-15 17:41:23.462902,Technical,Evening
AGT0952,29,M,Bachelor,1112,2023-11-24 17:41:23.462906,Technical,Evening
AGT0953,52,M,High School,1093,2023-10-11 17:41:23.462909,Technical,Night
AGT0954,57,M,Bachelor,1290,2021-12-28 17:41:23.462913,Technical,Night
AGT0955,32,F,Bachelor,984,2024-11-20 17:41:23.462917,Technical,Morning
AGT0956,50,F,Master,415,2025-07-29 17:41:23.462921,Technical,Night
AGT0957,55,M,Bachelor,1659,2022-09-06 17:41:23.462925,Billing,Morning
AGT0958,43,M,High School,763,2022-02-16 17:41:23.462929,Technical,Night
AGT0959,34,M,High School,745,2021-05-05 17:41:23.462932,Sales,Evening
AGT0960,48,F,Bachelor,679,2022-06-26 17:41:23.462935,Technical,Morning
AGT0961,27,M,High School,329,2024-08-21 17:41:23.462939,Technical,Morning
AGT0962,24,F,Bachelor,424,2025-06-06 17:41:23.462942,Billing,Morning
AGT0963,48,F,High School,1260,2022-02-03 17:41:23.462945,Billing,Night
AGT0964,23,F,Master,1389,2021-09-01 17:41:23.462949,Technical,Evening
AGT0965,31,F,Master,622,2024-04-23 17:41:23.462952,Billing,Morning
AGT0966,21,M,Bachelor,1783,2021-03-26 17:41:23.462955,Support,Morning
AGT0967,46,Other,Master,543,2022-03-01 17:41:23.462959,Billing,Morning
AGT0968,50,M,Bachelor,1231,2022-08-20 17:41:23.462962,Billing,Morning
AGT0969,55,M,Bachelor,425,2021-06-26 17:41:23.462965,Billing,Evening
AGT0970,55,F,High School,400,2025-04-28 17:41:23.462968,Billing,Night
AGT0971,45,F,Bachelor,887,2021-07-15 17:41:23.462972,Sales,Evening
AGT0972,46,F,Bachelor,820,2022-10-29 17:41:23.462989,Sales,Morning
AGT0973,24,M,Bachelor,687,2021-08-12 17:41:23.462993,Sales,Evening
AGT0974,39,M,Bachelor,1371,2025-10-08 17:41:23.462998,Technical,Morning
AGT0975,30,F,Bachelor,765,2024-01-20 17:41:23.463001,Technical,Night
AGT0976,29,M,Bachelor,1422,2023-01-05 17:41:23.463005,Support,Night
AGT0977,59,F,High School,413,2023-08-07 17:41:23.463008,Sales,Night
AGT0978,57,F,Master,91,2022-04-17 17:41:23.463012,Technical,Morning
AGT0979,25,F,Bachelor,534,2023-12-04 17:41:23.463015,Billing,Evening
AGT0980,27,M,High School,268,2025-08-12 17:41:23.463018,Billing,Night
AGT0981,42,F,Bachelor,224,2023-03-01 17:41:23.463021,Sales,Morning
AGT0982,45,M,High School,707,2022-05-15 17:41:23.463025,Support,Morning
AGT0983,31,F,Bachelor,1275,2024-02-02 17:41:23.463028,Support,Evening
AGT0984,45,F,Bachelor,90,2025-12-06 17:41:23.463031,Billing,Night
AGT0985,32,F,Bachelor,1182,2021-03-28 17:41:23.463035,Support,Morning
AGT0986,59,M,Master,1019,2023-08-24 17:41:23.463038,Sales,Evening
AGT0987,37,Other,Bachelor,714,2021-05-22 17:41:23.463041,Billing,Night
AGT0988,44,M,High School,185,2023-04-03 17:41:23.463045,Technical,Evening
AGT0989,52,M,Bachelor,1431,2025-05-29 17:41:23.463048,Technical,Evening
AGT0990,59,M,Master,1675,2023-07-28 17:41:23.463051,Support,Morning
AGT0991,31,F,High School,952,2023-12-21 17:41:23.463055,Billing,Morning
AGT0992,55,F,High School,897,2022-06-09 17:41:23.463058,Billing,Morning
AGT0993,23,F,High School,932,2021-05-09 17:41:23.463062,Technical,Evening
AGT0994,24,M,High School,1639,2023-06-04 17:41:23.463065,Billing,Morning
AGT0995,56,M,Bachelor,1028,2022-01-13 17:41:23.463068,Billing,Evening
AGT0996,27,F,Bachelor,1490,2025-02-21 17:41:23.463072,Billing,Evening
AGT0997,47,M,High School,1004,2023-07-24 17:41:23.463075,Support,Morning
AGT0998,50,F,Bachelor,1260,2025-01-05 17:41:23.463078,Billing,Night
AGT0999,28,Other,High School,417,2021-11-20 17:41:23.463082,Sales,Night
AGT1000,48,Other,Master,1533,2023-01-28 17:41:23.463085,Support,Night
